Elapsed Time,Source Name,A,mu,sigma,C
848.1,Cs137,1.2242740849244276,143.44671399903618,17.068289688324647,4.2264591910366125
848.1,Cs137,14.058055442092206,459.12036844997306,17.74738979068301,-0.0035017507121128037
