Elapsed Time,Source Name,A,mu,sigma,C
1710.61,Unk,0.7377740051930249,404.4351602582598,34.93042119942543,0.26785601968652545
